<?xml version="1.0" encoding="utf-8"?>
<extension type="module" client="site" method="upgrade">
   <name>mod_randomgreeting</name>
   <author>Nasim Kajal</author>
   <version>1.0.0</version>
   <creationDate>July 2024</creationDate>
   <copyright>2024 Nasim Kajal</copyright>
   <license>GNU General Public License version 2 or later; see LICENSE.txt</license>
   <authorEmail>nasimkajal@gmail.com</authorEmail>
   <authorUrl>mailto:nasimkajal@gmail.com</authorUrl>
   <description>MOD_RANDOMGREETING_XML_DESCRIPTION</description>
   <namespace path="src">Softune\Module\Randomgreeting</namespace>
   <languages>
      <language tag="en-GB">language/en-GB/mod_randomgreeting.ini</language>
      <language tag="en-GB">language/en-GB/mod_randomgreeting.sys.ini</language>
   </languages>   
   <files>
      <folder module="mod_randomgreeting">services</folder>
      <folder>src</folder>
      <folder>tmpl</folder>
   </files>
   <media folder="media" destination="mod_randomgreeting">
      <folder>assets/css</folder>
   </media>
   <config>
      <fields name="params">
         <fieldset name="advanced">
            <field
               name="layout"
               type="modulelayout"
               label="JFIELD_ALT_LAYOUT_LABEL"
               description="JFIELD_ALT_MODULE_LAYOUT_DESC"
			   class="form-select"
            />
            <field
               name="moduleclass_sfx"
               type="textarea"
               label="COM_MODULES_FIELD_MODULECLASS_SFX_LABEL"
               description="COM_MODULES_FIELD_MODULECLASS_SFX_DESC"
               rows="3"
            />
         </fieldset>
      </fields>
   </config>
</extension>
